,match,bowlerName,overs,maiden,runs,wickets,economy,0s,4s,6s,wides,noBalls
0,India Vs Australia,Mitchell Starc,10,0,55,3,5.50,30,4,1,3,0
1,India Vs Australia,Josh Hazlewood,10,0,60,2,6.00,22,4,1,1,0
2,India Vs Australia,Glenn Maxwell,6,0,35,1,5.83,19,4,1,0,0
3,India Vs Australia,Pat Cummins,10,0,34,2,3.40,30,0,0,2,0
4,India Vs Australia,Adam Zampa,10,0,44,1,4.40,22,1,0,1,0
5,India Vs Australia,Mitchell Marsh,2,0,5,0,2.50,7,0,0,0,0
6,India Vs Australia,Travis Head,2,0,4,0,2.00,8,0,0,0,0
7,India Vs Australia,Jasprit Bumrah,9,2,43,2,4.77,37,8,0,0,0
8,India Vs Australia,Mohammed Shami,7,1,47,1,6.71,28,6,1,3,0
9,India Vs Australia,Ravindra Jadeja,10,0,43,0,4.30,29,1,1,1,0
10,India Vs Australia,Kuldeep Yadav,10,0,56,0,5.60,25,3,2,0,0
11,India Vs Australia,Mohammed Siraj,7,0,45,1,6.42,16,4,1,0,0
12,South Africa Vs Australia,Mitchell Starc,10,1,34,3,3.40,46,3,1,4,0
13,South Africa Vs Australia,Josh Hazlewood,8,3,12,2,1.50,39,1,0,0,0
14,South Africa Vs Australia,Pat Cummins,9.4,0,51,3,5.27,32,5,1,2,0
15,South Africa Vs Australia,Adam Zampa,7,0,55,0,7.85,21,1,6,0,0
16,South Africa Vs Australia,Glenn Maxwell,10,0,35,0,3.50,35,3,0,0,0
17,South Africa Vs Australia,Travis Head,5,0,21,2,4.20,19,3,0,1,0
18,South Africa Vs Australia,Marco Jansen,4.2,0,35,0,8.07,18,6,1,4,0
19,South Africa Vs Australia,Kagiso Rabada,6,0,41,1,6.83,24,2,4,1,1
20,South Africa Vs Australia,Aiden Markram,8,1,23,1,2.87,34,1,1,1,0
21,South Africa Vs Australia,Gerald Coetzee,9,0,47,2,5.22,35,8,0,1,1
22,South Africa Vs Australia,Tabraiz Shamsi,10,0,42,2,4.20,36,3,0,5,0
23,South Africa Vs Australia,Keshav Maharaj,10,0,24,1,2.40,39,1,0,0,0
24,India Vs New Zealand,Trent Boult,10,0,86,1,8.60,26,9,4,2,0
25,India Vs New Zealand,Tim Southee,10,0,100,3,10.00,20,8,6,1,0
26,India Vs New Zealand,Mitchell Santner,10,1,51,0,5.10,29,3,2,0,0
27,India Vs New Zealand,Lockie Ferguson,8,0,65,0,8.12,15,7,1,1,0
28,India Vs New Zealand,Rachin Ravindra,7,0,60,0,8.57,13,2,4,2,0
29,India Vs New Zealand,Glenn Phillips,5,0,33,0,6.60,11,1,2,0,0
30,India Vs New Zealand,Jasprit Bumrah,10,1,64,1,6.40,32,6,1,6,0
31,India Vs New Zealand,Mohammed Siraj,9,0,78,1,8.66,26,10,3,3,0
32,India Vs New Zealand,Mohammed Shami,9.5,0,57,7,5.79,37,3,4,2,0
33,India Vs New Zealand,Ravindra Jadeja,10,0,63,0,6.30,29,3,3,0,1
34,India Vs New Zealand,Kuldeep Yadav,10,0,56,1,5.60,26,6,0,0,0
35,India Vs Netherlands,Aryan Dutt,7,0,52,0,7.42,19,7,1,1,0
36,India Vs Netherlands,Logan van Beek,10,0,107,0,10.70,17,10,6,1,0
37,India Vs Netherlands,Colin Ackermann,3,0,25,0,8.33,5,2,1,1,0
38,India Vs Netherlands,Paul van Meekeren,10,0,90,1,9.00,19,6,5,2,1
39,India Vs Netherlands,Roelof van der Merwe,10,0,53,1,5.30,27,4,1,0,0
40,India Vs Netherlands,Bas de Leede,10,0,82,2,8.20,22,8,2,8,0
41,India Vs Netherlands,Jasprit Bumrah,9,1,33,2,3.66,35,3,0,1,0
42,India Vs Netherlands,Mohammed Siraj,6,1,29,2,4.83,23,5,0,1,0
43,India Vs Netherlands,Mohammed Shami,6,0,41,0,6.83,15,4,1,1,0
44,India Vs Netherlands,Kuldeep Yadav,10,1,41,2,4.10,39,1,3,0,0
45,India Vs Netherlands,Ravindra Jadeja,9,0,49,2,5.44,31,4,2,1,0
46,India Vs Netherlands,Virat Kohli,3,0,13,1,4.33,10,1,0,0,0
47,India Vs Netherlands,Shubman Gill,2,0,11,0,5.50,4,1,0,0,0
48,India Vs Netherlands,Suryakumar Yadav,2,0,17,0,8.50,5,0,2,0,0
49,India Vs Netherlands,Rohit Sharma,0.5,0,7,1,8.40,3,0,1,0,0
50,England Vs Pakistan,Shaheen Shah Afridi,10,1,72,2,7.20,32,9,3,0,0
51,England Vs Pakistan,Haris Rauf,10,0,64,3,6.40,32,7,0,3,0
52,England Vs Pakistan,Iftikhar Ahmed,7,0,38,1,5.42,17,4,0,0,0
53,England Vs Pakistan,Mohammad Wasim,10,0,74,2,7.40,26,7,3,1,0
54,England Vs Pakistan,Shadab Khan,10,0,57,0,5.70,25,5,1,0,0
55,England Vs Pakistan,Agha Salman,3,0,25,0,8.33,7,3,1,0,0
56,England Vs Pakistan,David Willey,10,0,56,3,5.60,37,8,1,2,0
57,England Vs Pakistan,Chris Woakes,5.3,0,27,1,4.90,22,5,0,0,0
58,England Vs Pakistan,Adil Rashid,10,0,55,2,5.50,26,4,1,1,0
59,England Vs Pakistan,Gus Atkinson,8,0,45,2,5.62,29,3,3,2,0
60,England Vs Pakistan,Moeen Ali,10,0,60,2,6.00,27,7,1,0,0
61,Bangladesh Vs Australia,Josh Hazlewood,7,1,21,0,3.00,29,2,0,0,0
62,Bangladesh Vs Australia,Pat Cummins,8,0,56,0,7.00,22,7,0,4,0
63,Bangladesh Vs Australia,Sean Abbott,10,0,61,2,6.10,29,4,2,0,1
64,Bangladesh Vs Australia,Mitchell Marsh,4,0,48,0,12.00,8,6,2,2,1
65,Bangladesh Vs Australia,Adam Zampa,10,0,32,2,3.20,39,2,1,0,0
66,Bangladesh Vs Australia,Travis Head,6,0,33,0,5.50,14,2,1,0,0
67,Bangladesh Vs Australia,Marcus Stoinis,5,0,45,1,9.00,4,4,0,2,0
68,Bangladesh Vs Australia,Taskin Ahmed,10,0,61,1,6.10,30,6,2,1,0
69,Bangladesh Vs Australia,Mahedi Hasan,9,0,38,0,4.22,29,3,0,1,0
70,Bangladesh Vs Australia,Nasum Ahmed,10,0,85,0,8.50,21,9,3,1,0
71,Bangladesh Vs Australia,Mehidy Hasan Miraz,6,0,47,0,7.83,13,3,3,0,0
72,Bangladesh Vs Australia,Mustafizur Rahman,9.4,1,76,1,7.86,20,8,2,1,0
73,Afghanistan Vs South Africa,Kagiso Rabada,10,0,40,0,4.00,37,4,1,0,0
74,Afghanistan Vs South Africa,Lungi Ngidi,8.3,0,69,2,8.11,28,5,4,6,0
75,Afghanistan Vs South Africa,Aiden Markram,4.3,0,25,0,5.55,13,2,1,0,0
76,Afghanistan Vs South Africa,Gerald Coetzee,10,1,44,4,4.40,35,5,0,2,0
77,Afghanistan Vs South Africa,Keshav Maharaj,10,1,25,2,2.50,41,0,0,2,0
78,Afghanistan Vs South Africa,Andile Phehlukwayo,7,0,36,1,5.14,20,4,0,0,0
79,Afghanistan Vs South Africa,Mujeeb Ur Rahman,10,0,51,1,5.10,33,4,2,1,0
80,Afghanistan Vs South Africa,Naveen-ul-Haq,6.3,0,52,0,8.00,16,2,4,1,0
81,Afghanistan Vs South Africa,Mohammad Nabi,10,1,35,2,3.50,36,3,0,0,0
82,Afghanistan Vs South Africa,Azmatullah Omarzai,1,0,8,0,8.00,3,0,1,0,0
83,Afghanistan Vs South Africa,Rashid Khan,10,1,37,2,3.70,38,2,1,1,0
84,Afghanistan Vs South Africa,Noor Ahmad,9,0,49,0,5.44,23,3,0,3,0
85,Afghanistan Vs South Africa,Rahmat Shah,1,0,12,0,12.00,2,1,1,0,0
86,Sri Lanka Vs New Zealand,Trent Boult,10,3,37,3,3.70,45,6,0,3,0
87,Sri Lanka Vs New Zealand,Tim Southee,8,0,52,1,6.50,29,6,3,0,0
88,Sri Lanka Vs New Zealand,Lockie Ferguson,10,2,35,2,3.50,43,6,0,0,0
89,Sri Lanka Vs New Zealand,Mitchell Santner,10,2,22,2,2.20,45,2,0,0,0
90,Sri Lanka Vs New Zealand,Rachin Ravindra,7.4,0,21,2,2.73,28,1,0,0,0
91,Sri Lanka Vs New Zealand,Glenn Phillips,1,0,3,0,3.00,3,0,0,0,0
92,Sri Lanka Vs New Zealand,Dilshan Madushanka,6.2,0,58,0,9.15,16,11,0,1,0
93,Sri Lanka Vs New Zealand,Maheesh Theekshana,7,0,43,1,6.14,24,6,1,0,0
94,Sri Lanka Vs New Zealand,Dhananjaya de Silva,2,0,22,0,11.00,3,1,2,0,0
95,Sri Lanka Vs New Zealand,Dushmantha Chameera,4,1,20,1,5.00,17,1,2,0,0
96,Sri Lanka Vs New Zealand,Angelo Mathews,4,0,29,2,7.25,10,4,0,1,0
97,England Vs Netherlands,Aryan Dutt,10,0,67,2,6.70,30,5,3,1,1
98,England Vs Netherlands,Logan van Beek,10,0,88,2,8.80,25,10,1,10,0
99,England Vs Netherlands,Paul van Meekeren,10,0,57,1,5.70,28,5,0,5,0
100,England Vs Netherlands,Bas de Leede,10,0,74,3,7.40,26,5,4,0,0
101,England Vs Netherlands,Roelof van der Merwe,3,0,22,0,7.33,6,0,2,0,0
102,England Vs Netherlands,Colin Ackermann,7,0,31,0,4.42,15,1,0,0,0
103,England Vs Netherlands,Chris Woakes,7,0,19,1,2.71,33,2,0,2,0
104,England Vs Netherlands,David Willey,7,2,19,2,2.71,33,3,0,0,0
105,England Vs Netherlands,Gus Atkinson,7,0,41,0,5.85,25,4,2,1,0
106,England Vs Netherlands,Moeen Ali,8.2,0,42,3,5.04,23,1,2,0,0
107,England Vs Netherlands,Adil Rashid,8,0,54,3,6.75,22,5,2,1,0
108,Afghanistan Vs Australia,Mitchell Starc,9,0,70,1,7.77,26,4,4,5,0
109,Afghanistan Vs Australia,Josh Hazlewood,9,0,39,2,4.33,30,2,1,1,0
110,Afghanistan Vs Australia,Glenn Maxwell,10,0,55,1,5.50,24,2,1,0,1
111,Afghanistan Vs Australia,Pat Cummins,8,0,47,0,5.87,25,5,1,1,0
112,Afghanistan Vs Australia,Adam Zampa,10,0,58,1,5.80,22,2,2,2,0
113,Afghanistan Vs Australia,Travis Head,3,0,15,0,5.00,7,1,0,0,0
114,Afghanistan Vs Australia,Marcus Stoinis,1,0,2,0,2.00,4,0,0,0,0
115,Afghanistan Vs Australia,Mujeeb Ur Rahman,8.5,1,72,0,8.15,28,8,4,0,0
116,Afghanistan Vs Australia,Naveen-ul-Haq,9,0,47,2,5.22,34,5,2,1,0
117,Afghanistan Vs Australia,Azmatullah Omarzai,7,1,52,2,7.42,25,7,2,1,0
118,Afghanistan Vs Australia,Rashid Khan,10,0,44,2,4.40,36,3,1,3,0
119,Afghanistan Vs Australia,Noor Ahmad,10,1,53,0,5.30,36,4,2,1,0
120,Afghanistan Vs Australia,Mohammad Nabi,2,0,20,0,10.00,6,3,1,0,0
121,Sri Lanka Vs Bangladesh,Shoriful Islam,9.3,0,51,2,5.36,33,7,0,1,0
122,Sri Lanka Vs Bangladesh,Taskin Ahmed,10,1,39,0,3.90,39,5,0,1,0
123,Sri Lanka Vs Bangladesh,Tanzim Hasan Sakib,10,0,80,3,8.00,27,8,4,2,0
124,Sri Lanka Vs Bangladesh,Shakib Al Hasan,10,0,57,2,5.70,23,1,3,0,0
125,Sri Lanka Vs Bangladesh,Mehidy Hasan Miraz,10,0,49,1,4.90,30,6,0,0,0
126,Sri Lanka Vs Bangladesh,Dilshan Madushanka,10,1,69,3,6.90,35,7,3,4,0
127,Sri Lanka Vs Bangladesh,Maheesh Theekshana,9,0,44,2,4.88,34,6,0,3,0
128,Sri Lanka Vs Bangladesh,Kasun Rajitha,4,0,47,0,11.75,7,5,3,0,0
129,Sri Lanka Vs Bangladesh,Dushmantha Chameera,8,0,54,0,6.75,25,8,1,2,0
130,Sri Lanka Vs Bangladesh,Angelo Mathews,7.1,1,35,2,4.88,24,4,0,1,0
131,Sri Lanka Vs Bangladesh,Dhananjaya de Silva,3,0,20,0,6.66,8,3,0,0,0
132,India Vs South Africa,Lungi Ngidi,8.2,0,63,1,7.56,29,8,3,2,0
133,India Vs South Africa,Marco Jansen,9.4,0,94,1,9.72,28,15,1,7,1
134,India Vs South Africa,Kagiso Rabada,10,1,48,1,4.80,33,6,0,0,0
135,India Vs South Africa,Keshav Maharaj,10,0,30,1,3.00,32,0,0,1,0
136,India Vs South Africa,Tabraiz Shamsi,10,0,72,1,7.20,22,5,1,7,1
137,India Vs South Africa,Aiden Markram,2,0,17,0,8.50,4,1,1,1,0
138,India Vs South Africa,Jasprit Bumrah,5,0,14,0,2.80,23,2,0,1,0
139,India Vs South Africa,Mohammed Siraj,4,1,11,1,2.75,18,1,0,0,0
140,India Vs South Africa,Ravindra Jadeja,9,1,33,5,3.66,37,5,0,0,0
141,India Vs South Africa,Mohammed Shami,4,0,18,2,4.50,16,2,0,1,0
142,India Vs South Africa,Kuldeep Yadav,5.1,1,7,2,1.35,24,0,0,0,0
143,Australia Vs England,David Willey,10,1,48,1,4.80,31,4,0,1,0
144,Australia Vs England,Chris Woakes,9.3,0,54,4,5.68,31,5,1,0,0
145,Australia Vs England,Mark Wood,10,0,70,2,7.00,27,9,0,3,0
146,Australia Vs England,Liam Livingstone,6,0,42,1,7.00,10,2,1,0,0
147,Australia Vs England,Moeen Ali,4,0,28,0,7.00,9,4,0,0,0
148,Australia Vs England,Adil Rashid,10,0,38,2,3.80,34,1,1,0,0
149,Australia Vs England,Mitchell Starc,10,0,66,2,6.60,29,7,1,4,0
150,Australia Vs England,Josh Hazlewood,9.1,1,49,2,5.34,34,6,1,2,0
151,Australia Vs England,Pat Cummins,10,1,49,2,4.90,32,5,1,0,0
152,Australia Vs England,Adam Zampa,10,0,21,3,2.10,41,0,0,2,0
153,Australia Vs England,Travis Head,5,0,28,0,5.60,12,0,2,0,0
154,Australia Vs England,Marcus Stoinis,4,0,34,1,8.50,8,4,1,0,0
155,New Zealand Vs Pakistan,Shaheen Shah Afridi,10,0,90,0,9.00,24,11,2,5,0
156,New Zealand Vs Pakistan,Hasan Ali,10,0,82,1,8.20,26,10,2,2,1
157,New Zealand Vs Pakistan,Iftikhar Ahmed,8,0,55,1,6.87,20,8,0,0,0
158,New Zealand Vs Pakistan,Haris Rauf,10,0,85,1,8.50,24,11,2,2,0
159,New Zealand Vs Pakistan,Mohammad Wasim,10,0,60,3,6.00,28,4,1,3,0
160,New Zealand Vs Pakistan,Agha Salman,2,0,21,0,10.50,3,2,1,1,0
161,New Zealand Vs Pakistan,Trent Boult,6,0,50,0,8.33,20,7,2,2,0
162,New Zealand Vs Pakistan,Tim Southee,5,0,27,1,5.40,17,1,2,0,0
163,New Zealand Vs Pakistan,Mitchell Santner,5,0,35,0,7.00,13,1,3,0,0
164,New Zealand Vs Pakistan,Glenn Phillips,5,1,42,0,8.40,13,3,3,0,0
165,New Zealand Vs Pakistan,Ish Sodhi,4,0,44,0,11.00,6,3,3,1,0
166,New Zealand Vs Pakistan,Daryl Mitchell,0.3,0,1,0,2.00,2,0,0,0,0
167,Netherlands Vs Afghanistan,Mujeeb Ur Rahman,10,0,40,1,4.00,40,4,0,3,0
168,Netherlands Vs Afghanistan,Fazalhaq Farooqi,5,0,36,0,7.20,20,8,0,2,0
169,Netherlands Vs Afghanistan,Azmatullah Omarzai,3,0,11,0,3.66,10,1,0,0,0
170,Netherlands Vs Afghanistan,Mohammad Nabi,9.3,1,28,3,2.94,39,3,0,1,0
171,Netherlands Vs Afghanistan,Rashid Khan,10,0,31,0,3.10,35,0,0,3,0
172,Netherlands Vs Afghanistan,Noor Ahmad,9,0,31,2,3.44,36,3,0,3,0
173,Netherlands Vs Afghanistan,Aryan Dutt,8.3,0,49,0,5.76,25,6,0,3,0
174,Netherlands Vs Afghanistan,Logan van Beek,7,0,30,1,4.28,26,3,0,2,0
175,Netherlands Vs Afghanistan,Paul van Meekeren,5,0,35,0,7.00,15,6,0,1,1
176,Netherlands Vs Afghanistan,Roelof van der Merwe,5,0,27,1,5.40,11,2,0,0,0
177,Netherlands Vs Afghanistan,Saqib Zulfiqar,3,0,25,1,8.33,8,4,0,0,1
178,Netherlands Vs Afghanistan,Colin Ackermann,3,0,12,0,4.00,8,0,0,1,0
179,India Vs Sri Lanka,Dilshan Madushanka,10,0,80,5,8.00,25,8,2,6,0
180,India Vs Sri Lanka,Dushmantha Chameera,10,2,71,1,7.10,28,8,2,0,0
181,India Vs Sri Lanka,Kasun Rajitha,9,0,65,0,7.22,25,7,2,1,0
182,India Vs Sri Lanka,Angelo Mathews,3,0,11,0,3.66,10,1,0,0,0
183,India Vs Sri Lanka,Maheesh Theekshana,10,0,67,0,6.70,18,5,1,1,0
184,India Vs Sri Lanka,Dushan Hemantha,8,0,52,0,6.50,17,2,2,0,1
185,India Vs Sri Lanka,Jasprit Bumrah,5,1,8,1,1.60,26,0,0,3,0
186,India Vs Sri Lanka,Mohammed Siraj,7,2,16,3,2.28,35,2,0,1,0
187,India Vs Sri Lanka,Mohammed Shami,5,1,18,5,3.60,22,3,0,0,0
188,India Vs Sri Lanka,Kuldeep Yadav,2,0,3,0,1.50,9,0,0,0,0
189,India Vs Sri Lanka,Ravindra Jadeja,0.4,0,4,1,6.00,3,1,0,0,0
190,South Africa Vs New Zealand,Trent Boult,10,1,49,1,4.90,35,5,1,2,0
191,South Africa Vs New Zealand,Matt Henry,5.3,0,31,0,5.63,20,4,1,1,0
192,South Africa Vs New Zealand,Tim Southee,10,0,77,2,7.70,19,6,3,1,0
193,South Africa Vs New Zealand,Mitchell Santner,10,0,58,0,5.80,18,2,1,2,0
194,South Africa Vs New Zealand,Glenn Phillips,7,0,52,0,7.42,15,2,3,2,0
195,South Africa Vs New Zealand,Rachin Ravindra,2,0,17,0,8.50,6,2,1,0,0
196,South Africa Vs New Zealand,James Neesham,5.3,0,69,1,12.54,7,5,5,0,0
197,South Africa Vs New Zealand,Marco Jansen,8,1,31,3,3.87,29,3,0,1,1
198,South Africa Vs New Zealand,Lungi Ngidi,6,1,28,0,4.66,23,4,0,0,0
199,South Africa Vs New Zealand,Kagiso Rabada,6,2,16,1,2.66,27,2,0,0,0
200,South Africa Vs New Zealand,Gerald Coetzee,6.3,0,41,2,6.30,24,5,1,1,0
201,South Africa Vs New Zealand,Keshav Maharaj,9,0,46,4,5.11,32,3,3,0,0
202,Bangladesh Vs Pakistan,Shaheen Shah Afridi,9,1,23,3,2.55,40,2,0,2,0
203,Bangladesh Vs Pakistan,Iftikhar Ahmed,10,0,44,1,4.40,32,5,0,0,0
204,Bangladesh Vs Pakistan,Haris Rauf,8,0,36,2,4.50,28,3,0,2,0
205,Bangladesh Vs Pakistan,Mohammad Wasim,8.1,1,31,3,3.79,31,4,0,0,0
206,Bangladesh Vs Pakistan,Usama Mir,10,0,66,1,6.60,27,5,3,1,0
207,Bangladesh Vs Pakistan,Taskin Ahmed,6,1,36,0,6.00,21,2,3,0,0
208,Bangladesh Vs Pakistan,Shoriful Islam,4,1,25,0,6.25,16,3,1,1,0
209,Bangladesh Vs Pakistan,Mehidy Hasan Miraz,9,0,60,3,6.66,25,3,4,0,0
210,Bangladesh Vs Pakistan,Mustafizur Rahman,7,0,47,0,6.71,23,9,0,1,0
211,Bangladesh Vs Pakistan,Shakib Al Hasan,5.3,0,30,0,5.45,13,1,1,0,0
212,Bangladesh Vs Pakistan,Najmul Hossain Shanto,1,0,5,0,5.00,4,1,0,0,0
213,Sri Lanka Vs Afghanistan,Mujeeb Ur Rahman,10,0,38,2,3.80,29,2,0,0,0
214,Sri Lanka Vs Afghanistan,Fazalhaq Farooqi,10,1,34,4,3.40,42,3,1,0,0
215,Sri Lanka Vs Afghanistan,Naveen-ul-Haq,6.3,0,47,0,7.23,16,5,1,2,0
216,Sri Lanka Vs Afghanistan,Azmatullah Omarzai,7,0,37,1,5.28,22,5,0,1,0
217,Sri Lanka Vs Afghanistan,Rashid Khan,10,0,50,1,5.00,27,3,0,2,0
218,Sri Lanka Vs Afghanistan,Mohammad Nabi,6,0,33,0,5.50,11,1,0,0,0
219,Sri Lanka Vs Afghanistan,Dilshan Madushanka,9,0,48,2,5.33,28,4,1,3,0
220,Sri Lanka Vs Afghanistan,Kasun Rajitha,10,0,48,1,4.80,37,4,1,2,0
221,Sri Lanka Vs Afghanistan,Angelo Mathews,3,0,18,0,6.00,8,2,0,0,0
222,Sri Lanka Vs Afghanistan,Dushmantha Chameera,9.2,0,51,0,5.46,29,4,2,0,0
223,Sri Lanka Vs Afghanistan,Maheesh Theekshana,10,0,55,0,5.50,25,3,1,3,0
224,Sri Lanka Vs Afghanistan,Dhananjaya de Silva,4,0,21,0,5.25,9,2,0,0,0
225,India Vs England,David Willey,10,2,45,3,4.50,39,4,2,0,0
226,India Vs England,Chris Woakes,9,1,33,2,3.66,36,3,0,1,0
227,India Vs England,Adil Rashid,10,0,35,2,3.50,35,3,0,0,0
228,India Vs England,Mark Wood,9,1,46,1,5.11,32,3,2,2,0
229,India Vs England,Liam Livingstone,4,1,29,0,7.25,13,5,0,0,0
230,India Vs England,Moeen Ali,8,0,37,0,4.62,19,2,0,0,0
231,India Vs England,Jasprit Bumrah,6.5,1,32,3,4.68,31,3,2,2,0
232,India Vs England,Mohammed Siraj,6,0,33,0,5.50,22,3,1,2,0
233,India Vs England,Mohammed Shami,7,2,22,4,3.14,33,3,0,2,0
234,India Vs England,Kuldeep Yadav,8,0,24,2,3.00,28,1,0,0,0
235,India Vs England,Ravindra Jadeja,7,1,16,1,2.28,27,0,0,0,0
236,Netherlands Vs Bangladesh,Shoriful Islam,10,0,51,2,5.10,38,5,1,3,0
237,Netherlands Vs Bangladesh,Taskin Ahmed,9,1,43,2,4.77,32,6,0,1,0
238,Netherlands Vs Bangladesh,Shakib Al Hasan,10,1,37,1,3.70,35,4,0,0,0
239,Netherlands Vs Bangladesh,Mehidy Hasan Miraz,4,0,17,0,4.25,10,1,0,0,0
240,Netherlands Vs Bangladesh,Mustafizur Rahman,10,1,36,2,3.60,36,3,0,1,0
241,Netherlands Vs Bangladesh,Mahedi Hasan,7,0,40,2,5.71,23,3,1,1,0
242,Netherlands Vs Bangladesh,Aryan Dutt,10,3,26,1,2.60,48,3,1,0,0
243,Netherlands Vs Bangladesh,Logan van Beek,9,1,30,1,3.33,39,3,0,4,0
244,Netherlands Vs Bangladesh,Colin Ackermann,7,1,25,1,3.57,29,2,1,0,0
245,Netherlands Vs Bangladesh,Paul van Meekeren,7.2,0,23,4,3.13,30,2,0,2,0
246,Netherlands Vs Bangladesh,Bas de Leede,7,0,25,2,3.57,30,4,0,0,0
247,Netherlands Vs Bangladesh,Shariz Ahmad,2,0,13,0,6.50,5,2,0,0,0
248,Australia Vs New Zealand,Matt Henry,6.2,0,67,1,10.57,21,8,4,2,2
249,Australia Vs New Zealand,Trent Boult,10,0,77,3,7.70,25,7,3,3,0
250,Australia Vs New Zealand,Lockie Ferguson,3,0,38,0,12.66,6,3,3,0,0
251,Australia Vs New Zealand,Mitchell Santner,10,0,80,2,8.00,23,6,4,1,0
252,Australia Vs New Zealand,Glenn Phillips,10,0,37,3,3.70,30,2,0,0,0
253,Australia Vs New Zealand,Rachin Ravindra,8,0,56,0,7.00,18,5,2,0,0
254,Australia Vs New Zealand,James Neesham,2,0,32,1,16.00,4,1,4,0,0
255,Australia Vs New Zealand,Mitchell Starc,9,0,89,0,9.88,21,6,3,9,0
256,Australia Vs New Zealand,Josh Hazlewood,9,0,70,2,7.77,24,9,2,1,0
257,Australia Vs New Zealand,Pat Cummins,10,0,66,2,6.60,26,7,1,3,0
258,Australia Vs New Zealand,Glenn Maxwell,10,0,62,1,6.20,22,4,2,0,0
259,Australia Vs New Zealand,Adam Zampa,10,0,74,3,7.40,22,6,3,0,0
260,Australia Vs New Zealand,Mitchell Marsh,2,0,18,0,9.00,3,1,1,1,0
261,Pakistan Vs South Africa,Marco Jansen,9,1,43,3,4.77,40,5,0,6,2
262,Pakistan Vs South Africa,Lungi Ngidi,7.4,0,45,1,5.86,26,6,0,3,0
263,Pakistan Vs South Africa,Aiden Markram,4,0,20,0,5.00,12,2,0,0,0
264,Pakistan Vs South Africa,Keshav Maharaj,9,0,56,0,6.22,30,4,4,0,0
265,Pakistan Vs South Africa,Gerald Coetzee,7,0,42,2,6.00,20,4,1,1,0
266,Pakistan Vs South Africa,Tabraiz Shamsi,10,0,60,4,6.00,28,2,3,1,2
267,Pakistan Vs South Africa,Iftikhar Ahmed,3,0,23,0,7.66,9,1,1,1,0
268,Pakistan Vs South Africa,Shaheen Shah Afridi,10,0,45,3,4.50,37,5,0,3,0
269,Pakistan Vs South Africa,Mohammad Nawaz,6.2,0,40,0,6.31,15,4,1,0,0
270,Pakistan Vs South Africa,Haris Rauf,10,0,62,2,6.20,29,3,3,2,0
271,Pakistan Vs South Africa,Mohammad Wasim,10,1,50,2,5.00,37,7,0,3,0
272,Pakistan Vs South Africa,Usama Mir,8,0,45,2,5.62,25,1,3,1,0
273,England Vs Sri Lanka,Dilshan Madushanka,5,0,37,0,7.40,18,7,0,0,0
274,England Vs Sri Lanka,Kasun Rajitha,7,0,36,2,5.14,25,5,0,1,0
275,England Vs Sri Lanka,Maheesh Theekshana,8.2,1,21,1,2.52,36,1,0,3,0
276,England Vs Sri Lanka,Angelo Mathews,5,1,14,2,2.80,17,0,0,0,0
277,England Vs Sri Lanka,Lahiru Kumara,7,0,35,3,5.00,25,4,1,0,0
278,England Vs Sri Lanka,Dhananjaya de Silva,1,0,10,0,10.00,2,2,0,0,0
279,England Vs Sri Lanka,Chris Woakes,6,0,30,0,5.00,21,4,0,2,0
280,England Vs Sri Lanka,David Willey,5,0,30,2,6.00,18,5,0,1,0
281,England Vs Sri Lanka,Adil Rashid,4.4,0,39,0,8.35,9,1,3,0,0
282,England Vs Sri Lanka,Mark Wood,4,0,23,0,5.75,12,3,0,0,0
283,England Vs Sri Lanka,Liam Livingstone,3,0,17,0,5.66,8,2,0,0,0
284,England Vs Sri Lanka,Moeen Ali,3,0,21,0,7.00,5,2,0,0,0
285,Australia Vs Netherlands,Aryan Dutt,7,0,59,1,8.42,17,9,1,0,0
286,Australia Vs Netherlands,Colin Ackermann,4,0,19,0,4.75,10,0,1,0,0
287,Australia Vs Netherlands,Logan van Beek,10,0,74,4,7.40,31,7,3,5,0
288,Australia Vs Netherlands,Paul van Meekeren,10,0,64,0,6.40,29,7,1,3,0
289,Australia Vs Netherlands,Vikramjit Singh,4,0,27,0,6.75,13,3,1,1,0
290,Australia Vs Netherlands,Roelof van der Merwe,5,0,41,0,8.20,11,3,2,1,0
291,Australia Vs Netherlands,Bas de Leede,10,0,115,2,11.50,20,13,6,1,1
292,Australia Vs Netherlands,Mitchell Starc,4,0,22,1,5.50,19,5,0,2,0
293,Australia Vs Netherlands,Josh Hazlewood,6,0,27,1,4.50,25,4,0,2,0
294,Australia Vs Netherlands,Pat Cummins,4,0,14,1,3.50,16,2,0,0,0
295,Australia Vs Netherlands,Mitchell Marsh,4,0,19,2,4.75,15,2,0,3,0
296,Australia Vs Netherlands,Adam Zampa,3,0,8,4,2.66,10,0,0,0,0
297,South Africa Vs Bangladesh,Mustafizur Rahman,9,0,76,0,8.44,15,7,2,2,0
298,South Africa Vs Bangladesh,Mehidy Hasan Miraz,9,0,44,1,4.88,29,3,1,2,0
299,South Africa Vs Bangladesh,Shoriful Islam,9,0,76,1,8.44,19,6,4,0,0
300,South Africa Vs Bangladesh,Shakib Al Hasan,9,0,69,1,7.66,24,5,4,1,0
301,South Africa Vs Bangladesh,Hasan Mahmud,6,0,67,2,11.16,12,3,6,1,0
302,South Africa Vs Bangladesh,Nasum Ahmed,5,0,27,0,5.40,11,1,1,0,0
303,South Africa Vs Bangladesh,Mahmudullah,3,0,20,0,6.66,7,1,1,1,0
304,South Africa Vs Bangladesh,Marco Jansen,8,0,39,2,4.87,34,5,0,5,0
305,South Africa Vs Bangladesh,Lizaad Williams,8.4,1,56,2,6.46,33,7,2,5,0
306,South Africa Vs Bangladesh,Gerald Coetzee,10,0,62,3,6.20,36,8,2,1,1
307,South Africa Vs Bangladesh,Kagiso Rabada,10,1,42,2,4.20,36,3,1,0,1
308,South Africa Vs Bangladesh,Keshav Maharaj,10,0,32,1,3.20,36,2,0,1,0
309,Pakistan Vs Afghanistan,Naveen-ul-Haq,7,0,52,2,7.42,22,4,3,3,0
310,Pakistan Vs Afghanistan,Mujeeb Ur Rahman,8,0,55,0,6.87,20,5,2,0,0
311,Pakistan Vs Afghanistan,Mohammad Nabi,10,0,31,1,3.10,37,2,0,0,0
312,Pakistan Vs Afghanistan,Azmatullah Omarzai,5,0,50,1,10.00,9,4,2,3,0
313,Pakistan Vs Afghanistan,Rashid Khan,10,0,41,0,4.10,30,1,1,0,0
314,Pakistan Vs Afghanistan,Noor Ahmad,10,0,49,3,4.90,27,1,1,4,1
315,Pakistan Vs Afghanistan,Shaheen Shah Afridi,10,0,58,1,5.80,27,5,0,2,0
316,Pakistan Vs Afghanistan,Hasan Ali,10,1,44,1,4.40,42,4,2,1,0
317,Pakistan Vs Afghanistan,Haris Rauf,8,1,53,0,6.62,19,6,0,3,0
318,Pakistan Vs Afghanistan,Usama Mir,8,0,55,0,6.87,19,6,0,2,1
319,Pakistan Vs Afghanistan,Shadab Khan,8,0,49,0,6.12,22,6,0,0,0
320,Pakistan Vs Afghanistan,Iftikhar Ahmed,5,0,27,0,5.40,15,1,1,0,0
321,New Zealand Vs India,Jasprit Bumrah,10,1,45,1,4.50,34,5,0,0,0
322,New Zealand Vs India,Mohammed Siraj,10,1,45,1,4.50,34,3,1,4,0
323,New Zealand Vs India,Mohammed Shami,10,0,54,5,5.40,32,6,1,0,0
324,New Zealand Vs India,Ravindra Jadeja,10,0,48,0,4.80,28,2,1,0,0
325,New Zealand Vs India,Kuldeep Yadav,10,0,73,2,7.30,25,3,4,3,0
326,New Zealand Vs India,Trent Boult,10,0,60,1,6.00,33,6,2,1,0
327,New Zealand Vs India,Matt Henry,9,0,55,1,6.11,31,7,2,0,0
328,New Zealand Vs India,Mitchell Santner,10,0,37,1,3.70,32,1,1,0,0
329,New Zealand Vs India,Lockie Ferguson,8,0,63,2,7.87,22,11,0,2,0
330,New Zealand Vs India,Rachin Ravindra,9,0,46,0,5.11,28,3,2,1,0
331,New Zealand Vs India,Glenn Phillips,2,0,12,0,6.00,3,1,0,0,0
332,South Africa Vs England,Reece Topley,8.5,0,88,3,9.96,23,10,4,4,0
333,South Africa Vs England,David Willey,9,1,61,0,6.77,27,6,2,3,1
334,South Africa Vs England,Joe Root,6.1,0,48,0,7.78,6,2,2,0,0
335,South Africa Vs England,Gus Atkinson,9,0,60,2,6.66,27,6,2,1,0
336,South Africa Vs England,Mark Wood,7,0,76,0,10.85,9,10,2,1,0
337,South Africa Vs England,Adil Rashid,10,0,61,2,6.10,20,4,1,0,0
338,South Africa Vs England,Lungi Ngidi,5,1,26,2,5.20,23,2,2,3,0
339,South Africa Vs England,Marco Jansen,5,0,35,2,7.00,19,4,2,1,0
340,South Africa Vs England,Kagiso Rabada,6,1,38,1,6.33,24,6,1,0,1
341,South Africa Vs England,Gerald Coetzee,4,0,35,3,8.75,13,5,1,1,0
342,South Africa Vs England,Keshav Maharaj,2,0,27,1,13.50,4,1,3,0,0
343,Netherlands Vs Sri Lanka,Dilshan Madushanka,9.4,1,49,4,5.06,33,4,0,3,1
344,Netherlands Vs Sri Lanka,Kasun Rajitha,9,0,50,4,5.55,32,5,0,6,0
345,Netherlands Vs Sri Lanka,Chamika Karunaratne,9,1,58,0,6.44,25,1,2,6,0
346,Netherlands Vs Sri Lanka,Maheesh Theekshana,10,0,44,1,4.40,28,0,0,2,0
347,Netherlands Vs Sri Lanka,Dushan Hemantha,8,0,42,0,5.25,23,3,1,0,0
348,Netherlands Vs Sri Lanka,Dhananjaya de Silva,4,0,13,0,3.25,16,0,0,3,0
349,Netherlands Vs Sri Lanka,Aryan Dutt,10,0,44,3,4.40,38,3,1,2,0
350,Netherlands Vs Sri Lanka,Logan van Beek,10,0,57,0,5.70,36,6,2,0,0
351,Netherlands Vs Sri Lanka,Paul van Meekeren,8,1,39,1,4.87,29,4,0,2,0
352,Netherlands Vs Sri Lanka,Bas de Leede,3,0,29,0,9.66,7,4,0,2,0
353,Netherlands Vs Sri Lanka,Roelof van der Merwe,9,0,42,0,4.66,25,3,0,1,0
354,Netherlands Vs Sri Lanka,Colin Ackermann,8.2,0,39,1,4.68,25,3,0,0,0
355,Australia Vs Pakistan,Shaheen Shah Afridi,10,1,54,5,5.40,39,4,3,3,0
356,Australia Vs Pakistan,Hasan Ali,8,0,57,0,7.12,26,4,3,3,0
357,Australia Vs Pakistan,Iftikhar Ahmed,8,0,37,0,4.62,30,4,1,2,0
358,Australia Vs Pakistan,Haris Rauf,8,0,83,3,10.37,18,8,5,3,0
359,Australia Vs Pakistan,Usama Mir,9,0,82,1,9.11,19,6,5,2,0
360,Australia Vs Pakistan,Mohammad Nawaz,7,0,43,0,6.14,20,3,2,0,0
361,Australia Vs Pakistan,Mitchell Starc,8,0,65,1,8.12,22,10,0,6,0
362,Australia Vs Pakistan,Josh Hazlewood,10,1,37,1,3.70,40,5,0,1,0
363,Australia Vs Pakistan,Pat Cummins,7.3,0,62,2,8.26,22,6,4,0,0
364,Australia Vs Pakistan,Adam Zampa,10,0,53,4,5.30,25,3,1,1,0
365,Australia Vs Pakistan,Glenn Maxwell,5,0,40,0,8.00,10,6,0,0,0
366,Australia Vs Pakistan,Marcus Stoinis,5,0,40,2,8.00,10,4,1,3,0
367,Bangladesh Vs India,Jasprit Bumrah,10,1,41,2,4.10,39,2,2,1,0
368,Bangladesh Vs India,Mohammed Siraj,10,0,60,2,6.00,34,8,1,3,0
369,Bangladesh Vs India,Hardik Pandya,0.3,0,8,0,16.00,1,2,0,0,0
370,Bangladesh Vs India,Virat Kohli,0.3,0,2,0,4.00,1,0,0,0,0
371,Bangladesh Vs India,Shardul Thakur,9,0,59,1,6.55,23,3,3,0,0
372,Bangladesh Vs India,Kuldeep Yadav,10,0,47,1,4.70,25,1,1,1,0
373,Bangladesh Vs India,Ravindra Jadeja,10,0,38,2,3.80,36,2,1,0,0
374,Bangladesh Vs India,Shoriful Islam,8,0,54,0,6.75,25,6,2,0,0
375,Bangladesh Vs India,Mustafizur Rahman,5,0,29,0,5.80,17,5,0,0,0
376,Bangladesh Vs India,Nasum Ahmed,9.3,0,60,0,6.31,30,4,4,0,0
377,Bangladesh Vs India,Hasan Mahmud,8,0,65,1,8.12,22,5,3,1,2
378,Bangladesh Vs India,Mehidy Hasan Miraz,10,0,47,2,4.70,24,3,0,1,0
379,Bangladesh Vs India,Mahmudullah,1,0,6,0,6.00,0,0,0,0,0
380,New Zealand Vs Afghanistan,Mujeeb Ur Rahman,10,0,57,1,5.70,32,4,2,1,0
381,New Zealand Vs Afghanistan,Fazalhaq Farooqi,7,1,39,0,5.57,23,2,2,2,0
382,New Zealand Vs Afghanistan,Naveen-ul-Haq,8,0,48,2,6.00,17,4,0,0,0
383,New Zealand Vs Afghanistan,Mohammad Nabi,8,1,41,0,5.12,30,1,4,0,0
384,New Zealand Vs Afghanistan,Rashid Khan,10,0,43,1,4.30,35,4,0,2,0
385,New Zealand Vs Afghanistan,Azmatullah Omarzai,7,0,56,2,8.00,17,4,3,0,1
386,New Zealand Vs Afghanistan,Trent Boult,7,1,18,2,2.57,32,1,0,2,0
387,New Zealand Vs Afghanistan,Matt Henry,5,2,16,1,3.20,22,1,1,0,0
388,New Zealand Vs Afghanistan,Mitchell Santner,7.4,0,39,3,5.08,24,3,1,1,0
389,New Zealand Vs Afghanistan,Lockie Ferguson,7,1,19,3,2.71,32,2,0,1,0
390,New Zealand Vs Afghanistan,Glenn Phillips,3,0,13,0,4.33,7,0,0,1,0
391,New Zealand Vs Afghanistan,Rachin Ravindra,5,0,34,1,6.80,11,4,0,0,0
392,Netherlands Vs South Africa,Lungi Ngidi,9,1,57,2,6.33,31,5,1,6,1
393,Netherlands Vs South Africa,Marco Jansen,8,1,27,2,3.37,36,3,0,6,0
394,Netherlands Vs South Africa,Kagiso Rabada,9,1,56,2,6.22,30,5,2,3,0
395,Netherlands Vs South Africa,Gerald Coetzee,8,0,57,1,7.12,25,5,3,2,0
396,Netherlands Vs South Africa,Keshav Maharaj,9,0,38,1,4.22,34,5,0,0,0
397,Netherlands Vs South Africa,Aryan Dutt,5,1,19,0,3.80,21,3,0,0,0
398,Netherlands Vs South Africa,Logan van Beek,8.5,0,60,3,6.79,30,7,2,1,1
399,Netherlands Vs South Africa,Colin Ackermann,3,0,16,1,5.33,13,2,1,0,0
400,Netherlands Vs South Africa,Paul van Meekeren,9,0,40,2,4.44,33,4,1,0,0
401,Netherlands Vs South Africa,Roelof van der Merwe,9,0,34,2,3.77,29,1,1,0,0
402,Netherlands Vs South Africa,Bas de Leede,8,0,36,2,4.50,28,3,0,4,0
403,Sri Lanka Vs Australia,Mitchell Starc,10,0,43,2,4.30,37,5,0,4,0
404,Sri Lanka Vs Australia,Josh Hazlewood,7,1,36,0,5.14,28,6,0,1,0
405,Sri Lanka Vs Australia,Pat Cummins,7,0,32,2,4.57,24,4,0,1,0
406,Sri Lanka Vs Australia,Glenn Maxwell,9.3,0,36,1,3.78,30,2,0,1,0
407,Sri Lanka Vs Australia,Adam Zampa,8,1,47,4,5.87,26,5,1,2,0
408,Sri Lanka Vs Australia,Marcus Stoinis,2,0,11,0,5.50,5,1,0,0,0
409,Sri Lanka Vs Australia,Lahiru Kumara,4,0,47,0,11.75,8,5,2,0,0
410,Sri Lanka Vs Australia,Dilshan Madushanka,9,2,38,3,4.22,34,5,0,1,0
411,Sri Lanka Vs Australia,Maheesh Theekshana,7,0,49,0,7.00,19,5,2,0,0
412,Sri Lanka Vs Australia,Dunith Wellalage,9.2,0,53,1,5.67,29,6,1,0,0
413,Sri Lanka Vs Australia,Chamika Karunaratne,3,0,15,0,5.00,9,1,0,2,0
414,Sri Lanka Vs Australia,Dhananjaya de Silva,3,0,13,0,4.33,8,0,0,0,0
415,Afghanistan Vs England,Chris Woakes,4,0,41,0,10.25,13,4,2,2,0
416,Afghanistan Vs England,Reece Topley,8.5,1,52,1,5.88,30,5,1,3,1
417,Afghanistan Vs England,Sam Curran,4,0,46,0,11.50,9,5,2,0,2
418,Afghanistan Vs England,Adil Rashid,10,1,42,3,4.20,29,1,1,1,0
419,Afghanistan Vs England,Mark Wood,9,0,50,2,5.55,27,5,1,0,0
420,Afghanistan Vs England,Liam Livingstone,10,0,33,1,3.30,31,1,0,0,0
421,Afghanistan Vs England,Joe Root,4,0,19,1,4.75,16,2,1,0,0
422,Afghanistan Vs England,Mujeeb Ur Rahman,10,1,51,3,5.10,31,2,1,1,0
423,Afghanistan Vs England,Fazalhaq Farooqi,7,0,50,1,7.14,23,9,0,2,0
424,Afghanistan Vs England,Naveen-ul-Haq,6,1,44,1,7.33,17,8,0,0,1
425,Afghanistan Vs England,Mohammad Nabi,6,0,16,2,2.66,23,0,0,1,0
426,Afghanistan Vs England,Rashid Khan,9.3,1,37,3,3.89,30,3,0,0,0
427,Afghanistan Vs England,Azmatullah Omarzai,2,0,13,0,6.50,5,2,0,0,0
428,Pakistan Vs India,Jasprit Bumrah,7,1,19,2,2.71,33,3,0,1,0
429,Pakistan Vs India,Mohammed Siraj,8,0,50,2,6.25,22,7,0,0,0
430,Pakistan Vs India,Hardik Pandya,6,0,34,2,5.66,20,6,0,0,0
431,Pakistan Vs India,Kuldeep Yadav,10,0,35,2,3.50,38,4,0,0,0
432,Pakistan Vs India,Ravindra Jadeja,9.5,0,38,2,3.86,35,4,0,0,0
433,Pakistan Vs India,Shardul Thakur,2,0,12,0,6.00,6,2,0,0,0
434,Pakistan Vs India,Shaheen Shah Afridi,6,0,36,2,6.00,21,5,1,1,0
435,Pakistan Vs India,Hasan Ali,6,0,34,1,5.66,23,7,0,0,0
436,Pakistan Vs India,Mohammad Nawaz,8.3,0,47,0,5.52,23,3,2,0,0
437,Pakistan Vs India,Haris Rauf,6,0,43,0,7.16,14,1,3,0,0
438,Pakistan Vs India,Shadab Khan,4,0,31,0,7.75,10,2,2,0,0
439,Bangladesh Vs New Zealand,Trent Boult,10,0,45,2,4.50,37,5,1,2,0
440,Bangladesh Vs New Zealand,Matt Henry,10,0,58,2,5.80,27,6,0,0,1
441,Bangladesh Vs New Zealand,Lockie Ferguson,10,0,49,3,4.90,44,4,3,2,2
442,Bangladesh Vs New Zealand,Mitchell Santner,10,1,31,1,3.10,36,2,0,0,0
443,Bangladesh Vs New Zealand,Glenn Phillips,2,0,13,1,6.50,8,1,1,0,1
444,Bangladesh Vs New Zealand,Rachin Ravindra,7,0,37,0,5.28,22,2,2,0,0
445,Bangladesh Vs New Zealand,Daryl Mitchell,1,0,11,0,11.00,1,0,1,0,0
446,Bangladesh Vs New Zealand,Mustafizur Rahman,8,0,36,1,4.50,26,3,0,3,0
447,Bangladesh Vs New Zealand,Shoriful Islam,7.5,1,43,0,5.48,30,5,1,3,0
448,Bangladesh Vs New Zealand,Taskin Ahmed,8,0,56,0,7.00,20,6,1,3,0
449,Bangladesh Vs New Zealand,Shakib Al Hasan,10,0,54,1,5.40,30,2,3,0,0
450,Bangladesh Vs New Zealand,Mehidy Hasan Miraz,9,0,58,0,6.44,17,4,1,1,0
451,South Africa Vs Australia,Mitchell Starc,9,1,53,2,5.88,29,3,3,1,0
452,South Africa Vs Australia,Josh Hazlewood,9,0,60,1,6.66,30,7,2,3,0
453,South Africa Vs Australia,Glenn Maxwell,10,1,34,2,3.40,32,0,0,2,0
454,South Africa Vs Australia,Pat Cummins,9,0,71,1,7.88,19,6,3,0,0
455,South Africa Vs Australia,Adam Zampa,10,0,70,1,7.00,20,9,0,1,0
456,South Africa Vs Australia,Mitchell Marsh,1,0,6,0,6.00,1,0,0,0,0
457,South Africa Vs Australia,Marcus Stoinis,2,0,11,0,5.50,5,1,0,0,0
458,South Africa Vs Australia,Lungi Ngidi,8,2,18,1,2.25,35,0,0,1,0
459,South Africa Vs Australia,Marco Jansen,7,0,54,2,7.71,24,8,0,3,1
460,South Africa Vs Australia,Kagiso Rabada,8,1,33,3,4.12,35,5,0,1,1
461,South Africa Vs Australia,Keshav Maharaj,10,0,30,2,3.00,40,2,0,2,0
462,South Africa Vs Australia,Tabraiz Shamsi,7.5,0,38,2,4.85,24,4,0,0,0
463,Afghanistan Vs India,Jasprit Bumrah,10,0,39,4,3.90,41,5,0,3,0
464,Afghanistan Vs India,Mohammed Siraj,9,0,76,0,8.44,23,12,1,1,0
465,Afghanistan Vs India,Hardik Pandya,7,0,43,2,6.14,23,5,1,2,0
466,Afghanistan Vs India,Shardul Thakur,6,0,31,1,5.16,21,2,1,1,1
467,Afghanistan Vs India,Kuldeep Yadav,10,0,40,1,4.00,35,0,3,0,0
468,Afghanistan Vs India,Ravindra Jadeja,8,0,38,0,4.75,22,1,1,0,1
469,Afghanistan Vs India,Fazalhaq Farooqi,6,0,50,0,8.33,17,6,2,1,0
470,Afghanistan Vs India,Mujeeb Ur Rahman,8,0,64,0,8.00,18,6,1,3,0
471,Afghanistan Vs India,Naveen-ul-Haq,5,0,31,0,6.20,16,4,1,0,0
472,Afghanistan Vs India,Azmatullah Omarzai,4,0,34,0,8.50,12,5,1,1,0
473,Afghanistan Vs India,Mohammad Nabi,4,0,32,0,8.00,11,3,2,0,0
474,Afghanistan Vs India,Rashid Khan,8,0,57,2,7.12,12,4,1,1,0
475,Sri Lanka Vs Pakistan,Shaheen Shah Afridi,9,0,66,1,7.33,27,9,1,4,0
476,Sri Lanka Vs Pakistan,Hasan Ali,10,0,71,4,7.10,32,6,4,3,1
477,Sri Lanka Vs Pakistan,Mohammad Nawaz,9,0,62,1,6.88,23,7,1,0,0
478,Sri Lanka Vs Pakistan,Haris Rauf,10,0,64,2,6.40,30,6,2,1,0
479,Sri Lanka Vs Pakistan,Shadab Khan,8,0,55,1,6.87,20,6,1,0,0
480,Sri Lanka Vs Pakistan,Iftikhar Ahmed,4,0,22,0,5.50,11,2,0,1,0
481,Sri Lanka Vs Pakistan,Maheesh Theekshana,10,0,59,1,5.90,23,3,0,1,0
482,Sri Lanka Vs Pakistan,Dilshan Madushanka,9.2,0,60,2,6.42,27,5,1,2,1
483,Sri Lanka Vs Pakistan,Dasun Shanaka,5,0,28,0,5.60,10,2,0,0,0
484,Sri Lanka Vs Pakistan,Matheesha Pathirana,9,0,90,1,10.00,14,8,1,9,0
485,Sri Lanka Vs Pakistan,Dunith Wellalage,10,0,62,0,6.20,24,4,2,0,0
486,Sri Lanka Vs Pakistan,Dhananjaya de Silva,4,0,36,0,9.00,7,3,2,0,0
487,Sri Lanka Vs Pakistan,Charith Asalanka,1,0,10,0,10.00,1,1,0,0,0
488,England Vs Bangladesh,Mustafizur Rahman,10,0,70,0,7.00,26,6,3,0,0
489,England Vs Bangladesh,Taskin Ahmed,6,0,38,1,6.33,19,4,1,2,0
490,England Vs Bangladesh,Shoriful Islam,10,0,75,3,7.50,25,11,0,1,0
491,England Vs Bangladesh,Mahedi Hasan,8,0,71,4,8.87,17,10,1,0,0
492,England Vs Bangladesh,Shakib Al Hasan,10,0,52,1,5.20,25,4,0,1,0
493,England Vs Bangladesh,Mehidy Hasan Miraz,6,0,55,0,9.16,10,6,2,0,0
494,England Vs Bangladesh,Chris Woakes,8,0,49,2,6.12,24,6,0,0,0
495,England Vs Bangladesh,Reece Topley,10,1,43,4,4.30,35,3,1,0,0
496,England Vs Bangladesh,Sam Curran,7.2,0,47,1,6.40,15,5,0,2,0
497,England Vs Bangladesh,Mark Wood,10,0,29,1,2.90,38,2,0,1,0
498,England Vs Bangladesh,Adil Rashid,10,0,42,1,4.20,31,1,1,0,0
499,England Vs Bangladesh,Liam Livingstone,3,0,13,1,4.33,11,0,1,0,0
500,New Zealand Vs Netherlands,Aryan Dutt,10,2,62,2,6.20,31,3,3,1,0
501,New Zealand Vs Netherlands,Ryan Klein,7,1,41,0,5.85,25,7,0,1,0
502,New Zealand Vs Netherlands,Paul van Meekeren,9,0,59,2,6.55,28,7,2,0,1
503,New Zealand Vs Netherlands,Roelof van der Merwe,9,0,56,2,6.22,20,5,1,0,0
504,New Zealand Vs Netherlands,Colin Ackermann,4,0,28,0,7.00,9,1,2,0,0
505,New Zealand Vs Netherlands,Bas de Leede,10,0,64,1,6.40,28,6,2,0,1
506,New Zealand Vs Netherlands,Vikramjit Singh,1,0,9,0,9.00,1,1,0,0,0
507,New Zealand Vs Netherlands,Trent Boult,8,0,34,0,4.25,29,3,0,1,0
508,New Zealand Vs Netherlands,Matt Henry,8.3,0,40,3,4.70,29,4,0,0,0
509,New Zealand Vs Netherlands,Mitchell Santner,10,0,59,5,5.90,30,4,2,0,0
510,New Zealand Vs Netherlands,Lockie Ferguson,8,0,32,0,4.00,31,5,0,0,0
511,New Zealand Vs Netherlands,Rachin Ravindra,10,0,46,1,4.60,30,3,1,0,1
512,New Zealand Vs Netherlands,Glenn Phillips,2,0,11,0,5.50,2,0,0,0,0
513,Australia Vs India,Jasprit Bumrah,10,0,35,2,3.50,41,1,1,4,0
514,Australia Vs India,Mohammed Siraj,6.3,1,26,1,4.00,26,3,0,2,0
515,Australia Vs India,Hardik Pandya,3,0,28,1,9.33,8,6,0,0,0
516,Australia Vs India,Ravichandran Ashwin,10,1,34,1,3.40,32,2,0,0,0
517,Australia Vs India,Kuldeep Yadav,10,0,42,2,4.20,31,2,1,0,0
518,Australia Vs India,Ravindra Jadeja,10,2,28,3,2.80,38,2,0,0,0
519,Australia Vs India,Mitchell Starc,8,0,31,1,3.87,28,2,0,3,0
520,Australia Vs India,Josh Hazlewood,9,1,38,3,4.22,33,3,1,1,0
521,Australia Vs India,Pat Cummins,6.2,0,33,0,5.21,19,2,1,1,1
522,Australia Vs India,Glenn Maxwell,8,0,33,0,4.12,24,1,1,0,0
523,Australia Vs India,Cameron Green,2,0,11,0,5.50,7,2,0,0,0
524,Australia Vs India,Adam Zampa,8,0,53,0,6.62,13,4,0,0,0
525,South Africa Vs Sri Lanka,Kasun Rajitha,10,1,90,1,9.00,24,8,5,2,0
526,South Africa Vs Sri Lanka,Dilshan Madushanka,10,0,86,2,8.60,25,12,1,3,1
527,South Africa Vs Sri Lanka,Dasun Shanaka,6,0,36,0,6.00,10,1,1,0,0
528,South Africa Vs Sri Lanka,Dhananjaya de Silva,4,0,39,0,9.75,9,4,2,1,0
529,South Africa Vs Sri Lanka,Matheesha Pathirana,10,0,95,1,9.50,22,10,2,5,0
530,South Africa Vs Sri Lanka,Dunith Wellalage,10,0,81,1,8.10,27,10,3,2,0
531,South Africa Vs Sri Lanka,Lungi Ngidi,8,1,49,1,6.12,30,3,4,2,0
532,South Africa Vs Sri Lanka,Marco Jansen,10,0,92,2,9.20,31,10,6,3,0
533,South Africa Vs Sri Lanka,Kagiso Rabada,7.5,0,50,2,6.38,22,3,2,2,1
534,South Africa Vs Sri Lanka,Keshav Maharaj,10,0,62,2,6.20,33,6,2,2,0
535,South Africa Vs Sri Lanka,Gerald Coetzee,9,0,68,3,7.55,26,7,3,1,0
536,Afghanistan Vs Bangladesh,Taskin Ahmed,6,0,32,1,5.33,23,3,1,1,0
537,Afghanistan Vs Bangladesh,Shoriful Islam,6.2,1,34,2,5.36,23,5,0,2,0
538,Afghanistan Vs Bangladesh,Mustafizur Rahman,7,1,28,1,4.00,26,2,1,0,0
539,Afghanistan Vs Bangladesh,Shakib Al Hasan,8,0,30,3,3.75,28,3,0,0,0
540,Afghanistan Vs Bangladesh,Mehidy Hasan Miraz,9,3,25,3,2.77,38,1,0,1,0
541,Afghanistan Vs Bangladesh,Mahmudullah,1,0,7,0,7.00,3,1,0,0,0
542,Afghanistan Vs Bangladesh,Fazalhaq Farooqi,5,0,19,1,3.80,22,2,0,2,0
543,Afghanistan Vs Bangladesh,Mujeeb Ur Rahman,7,0,30,0,4.28,26,3,1,0,0
544,Afghanistan Vs Bangladesh,Naveen-ul-Haq,5.4,0,31,1,5.47,14,2,0,1,1
545,Afghanistan Vs Bangladesh,Rashid Khan,9,0,48,0,5.33,24,5,0,0,0
546,Afghanistan Vs Bangladesh,Mohammad Nabi,6,1,18,0,3.00,20,0,0,1,0
547,Afghanistan Vs Bangladesh,Azmatullah Omarzai,2,0,9,1,4.50,7,1,0,0,0
548,Pakistan Vs Netherlands,Aryan Dutt,10,0,48,1,4.80,37,7,0,2,0
549,Pakistan Vs Netherlands,Logan van Beek,6,0,30,1,5.00,20,4,0,1,0
550,Pakistan Vs Netherlands,Colin Ackermann,8,1,39,2,4.87,26,1,2,0,0
551,Pakistan Vs Netherlands,Paul van Meekeren,6,0,40,1,6.66,16,5,0,2,0
552,Pakistan Vs Netherlands,Bas de Leede,9,0,62,4,6.88,22,9,0,3,0
553,Pakistan Vs Netherlands,Roelof van der Merwe,6,0,36,0,6.00,14,2,1,0,1
554,Pakistan Vs Netherlands,Vikramjit Singh,2,0,16,0,8.00,5,3,0,0,0
555,Pakistan Vs Netherlands,Saqib Zulfiqar,2,0,15,0,7.50,3,2,0,0,0
556,Pakistan Vs Netherlands,Shaheen Shah Afridi,7,0,37,1,5.28,26,5,0,2,0
557,Pakistan Vs Netherlands,Hasan Ali,7,1,33,2,4.71,31,6,0,4,0
558,Pakistan Vs Netherlands,Haris Rauf,9,0,43,3,4.77,33,5,1,2,0
559,Pakistan Vs Netherlands,Iftikhar Ahmed,3,0,16,1,5.33,7,1,0,0,0
560,Pakistan Vs Netherlands,Mohammad Nawaz,7,0,31,1,4.42,23,2,1,0,0
561,Pakistan Vs Netherlands,Shadab Khan,8,0,45,1,5.62,23,1,2,1,0
562,England Vs New Zealand,Trent Boult,10,1,48,1,4.80,34,3,2,1,0
563,England Vs New Zealand,Matt Henry,10,1,48,3,4.80,31,6,0,0,0
564,England Vs New Zealand,Mitchell Santner,10,0,37,2,3.70,26,0,0,1,0
565,England Vs New Zealand,James Neesham,7,0,56,0,8.00,15,5,2,2,0
566,England Vs New Zealand,Rachin Ravindra,10,0,76,1,7.60,14,6,2,0,0
567,England Vs New Zealand,Glenn Phillips,3,0,17,2,5.66,5,1,0,0,0
568,England Vs New Zealand,Chris Woakes,6,0,45,0,7.50,18,7,1,0,0
569,England Vs New Zealand,Sam Curran,6,2,47,1,7.83,17,6,1,2,0
570,England Vs New Zealand,Mark Wood,5,0,55,0,11.00,9,7,2,1,0
571,England Vs New Zealand,Moeen Ali,9.2,0,60,0,6.42,20,2,3,0,0
572,England Vs New Zealand,Adil Rashid,7,0,47,0,6.71,15,4,1,0,0
573,England Vs New Zealand,Liam Livingstone,3,0,24,0,8.00,7,4,0,0,0
